# Station Code,mrso
# Type,Multi-year daily averages
# Generated,2025-07-14 12:59:36
# Note,Averages calculated from all available years

DATE,ALFM,ALFP,APPL,BEET,BLGR,BLUB,CGRP,CRT2,CRTS,FCRN,GARL,HAYM,HAYP,LAWN,NMNT,PAST,POP1,POP2,POP3,POTA,PPMT,SAFL,SBRY,SGRN,SOYB,TBER,WGRN,WGRP
02/16,,,,,,,,,,,,,,,,,,,,,,,,,,,0.03,
02/17,,,,,,,,,,,,,,,,,,,,,,,,,,,0.03,
02/18,,,,,,,,,,,,,,,,,,,,,,,,,,,0.03,
02/19,,,,,,,,,,,,,,,,,,,,,,,,,,,0.05,
02/20,,,,,,,,,,,,,,,,,,,,,,,,,,,0.03,
02/21,,,,,,,,,,,,,,,,,,,,,,,,,,,0.02,
02/22,,,,,,,,,,,,,,,,,,,,,,,,,,,0.03,
02/23,,,,,,,,,,,,,,,,,,,,,,,,,,,0.03,
02/24,,,,,,,,,,,,,,,,,,,,,,,,,,,0.03,
02/25,,,,,,,,,,,,,,,,,,,,,,,,,,,0.04,
02/26,,,,,,,,,,,,,,,,,,,,,,,,,,,0.015,
02/27,,,,,,,,,,,,,,,,,,,,,,,,,,,0.035,
02/28,,,,,,,,,,,,,,,,,,,,,,,,,,,0.06,
02/29,,,,,,,,,,,,,,,,,,,,,,,,,,,0.07,
03/01,0.01,0.01,,,0.03,,,,,,,0.05,0.05,0.01,,0.02,,,,,,,,,,,0.063,
03/02,0.02,0.02,,,0.04,,,,,,0.025,0.08,0.08,0.02,,0.023,,,,,,,,,,,0.026,
03/03,0.02,0.02,,,0.03,,,,,,0.04,0.06,0.06,0.02,,0.03,,,,,,,,,,,0.036,
03/04,0.01,0.01,,,0.02,,,,,,0.045,0.04,0.04,0.01,,0.03,,,,,,,,,,,0.037,
03/05,0.018,0.018,,,0.037,,,,,,0.043,0.07,0.07,0.02,,0.035,,,,,,,,,,,0.043,
03/06,0.018,0.018,,,0.037,,,,,,0.045,0.068,0.068,0.018,,0.032,,,,,,,,,,,0.043,
03/07,0.02,0.02,,,0.043,,,,,,0.058,0.077,0.077,0.025,,0.035,,,,,,,,,,,0.048,
03/08,0.02,0.02,,,0.033,,,,,,0.045,0.052,0.052,0.02,,0.032,,,,,,,,,,,0.048,
03/09,0.025,0.025,,,0.038,,,,,,0.048,0.062,0.062,0.025,,0.035,,,,,,,,,,,0.053,
03/10,0.023,0.023,0.03,,0.044,,,,,,0.055,0.09,0.09,0.03,,0.039,,,,,,,0.02,,,,0.064,
03/11,0.022,0.022,0.01,,0.036,,,,,,0.045,0.077,0.077,0.03,,0.034,,,,,,,0.015,,,,0.045,
03/12,0.032,0.032,0.02,,0.052,,,,,,0.083,0.11,0.11,0.049,,0.049,,,,,,,0.035,,,,0.064,
03/13,0.028,0.028,0.02,,0.046,,,,,,0.055,0.083,0.083,0.043,,0.039,,,,,,,0.02,,,,0.052,
03/14,0.035,0.035,0.02,,0.043,,,,,,0.077,0.065,0.065,0.044,,0.041,,,,,,,0.02,,,,0.06,
03/15,0.036,0.036,0.01,,0.046,,,,,,0.054,0.073,0.073,0.037,,0.039,,,,,,,0.015,,,,0.06,
03/16,0.037,0.037,0.02,,0.049,,,,,,0.056,0.076,0.076,0.045,,0.041,,,,,,,0.02,,,,0.064,
03/17,0.033,0.033,0.02,,0.045,,,,,,0.044,0.068,0.068,0.041,,0.035,,,,,,,0.02,,,,0.058,
03/18,0.037,0.037,0.02,,0.048,,,,,,0.053,0.077,0.077,0.044,,0.039,,,,,,,0.025,,,,0.065,
03/19,0.047,0.047,0.03,,0.053,,,,,,0.052,0.077,0.077,0.05,,0.042,,,,,,,0.025,,,,0.067,
03/20,0.032,0.032,0.01,,0.052,,,,,,0.05,0.074,0.074,0.047,,0.038,,,,,,,0.018,,,,0.057,
03/21,0.038,0.038,0.03,,0.057,,,,,,0.051,0.078,0.078,0.055,,0.043,,,,,,,0.018,,,,0.06,
03/22,0.045,0.045,0.03,,0.071,,,,,,0.061,0.093,0.093,0.069,,0.051,,,,,,,0.024,,,,0.073,
03/23,0.046,0.046,0.04,,0.069,,,,,,0.059,0.09,0.09,0.071,,0.053,,,,,,,0.022,,,,0.075,
03/24,0.047,0.047,0.04,,0.071,,,,,,0.06,0.093,0.093,0.074,,0.051,,,,,,,0.026,,,,0.076,
03/25,0.05,0.05,0.04,,0.068,0.02,,,,,0.055,0.088,0.088,0.063,,0.048,,,,,0.025,,0.027,,,0.02,0.076,
03/26,0.052,0.052,0.04,,0.076,0.01,,,,,0.06,0.092,0.092,0.069,,0.051,,,,,0.025,,0.028,,,0.02,0.08,
03/27,0.062,0.062,0.05,,0.084,0.02,,,,,0.073,0.103,0.103,0.076,,0.06,,,,,0.035,,0.033,,,0.02,0.093,
03/28,0.062,0.062,0.04,,0.087,0.02,,,,,0.073,0.106,0.106,0.081,,0.061,,,,,0.025,,0.036,,,0.02,0.094,
03/29,0.072,0.072,0.05,,0.101,0.02,,,,,0.077,0.115,0.115,0.089,,0.067,,,,,0.03,,0.038,,,0.025,0.104,
03/30,0.07,0.07,0.06,,0.09,0.04,,,,,0.066,0.105,0.105,0.082,,0.062,,,,,0.025,,0.041,,,0.025,0.095,
03/31,0.074,0.074,0.06,,0.097,0.04,,,,,0.066,0.109,0.109,0.086,,0.062,,,,,0.02,,0.048,,,0.025,0.101,
04/01,0.077,0.077,0.07,,0.11,0.03,,,,,0.073,0.128,0.128,0.102,,0.072,,,,,0.025,,0.049,,,0.028,0.115,
04/02,0.082,0.082,0.08,,0.107,0.03,,,,,0.069,0.12,0.119,0.099,,0.072,,,,,0.023,,0.051,,,0.026,0.114,
04/03,0.083,0.083,0.08,,0.113,0.03,,,,,0.07,0.12,0.12,0.101,,0.074,,,,,0.025,,0.052,,,0.024,0.113,
04/04,0.081,0.081,0.08,,0.105,0.03,,,,,0.064,0.11,0.11,0.094,,0.068,,,,,0.025,,0.05,,,0.025,0.106,
04/05,0.074,0.075,0.04,0.025,0.099,0.03,,,,,0.058,0.103,0.103,0.087,,0.064,,,,,0.02,,0.048,,,0.021,0.099,
04/06,0.097,0.097,0.057,0.035,0.122,0.037,,,,,0.077,0.13,0.13,0.112,,0.081,,,,,0.028,,0.066,,,0.03,0.127,
04/07,0.115,0.118,0.063,0.03,0.145,0.037,,,,,0.092,0.153,0.153,0.132,,0.095,,,,,0.03,,0.082,,,0.037,0.154,
04/08,0.112,0.115,0.067,0.035,0.136,0.04,,,,,0.083,0.142,0.142,0.124,,0.091,,,,,0.032,,0.078,,,0.034,0.142,
04/09,0.118,0.119,0.077,0.04,0.147,0.04,,,,,0.088,0.148,0.148,0.128,,0.098,,,,,0.033,,0.084,,,0.039,0.147,
04/10,0.123,0.127,0.058,0.048,0.143,0.042,0.025,,0.01,,0.088,0.15,0.15,0.132,,0.099,0.023,0.023,0.023,,0.034,0.02,0.075,,,0.039,0.152,
04/11,0.109,0.113,0.055,0.043,0.128,0.038,0.025,,0.01,,0.075,0.132,0.132,0.115,,0.088,0.02,0.02,0.02,,0.026,0.01,0.069,,,0.034,0.133,
04/12,0.108,0.113,0.05,0.037,0.125,0.046,0.025,,0.01,,0.076,0.132,0.131,0.114,,0.086,0.023,0.023,0.023,,0.028,0.03,0.072,,,0.035,0.132,
04/13,0.127,0.132,0.055,0.045,0.147,0.052,0.025,,0.01,,0.088,0.152,0.152,0.132,,0.104,0.023,0.023,0.027,,0.035,0.02,0.088,,,0.046,0.155,
04/14,0.118,0.124,0.042,0.028,0.135,0.05,0.02,,0.005,,0.078,0.14,0.141,0.121,,0.095,0.023,0.03,0.03,,0.03,0.04,0.079,,,0.039,0.144,
04/15,0.102,0.108,0.045,0.03,0.12,0.039,0.021,,0.01,,0.068,0.122,0.122,0.105,0.017,0.083,0.022,0.022,0.024,0.043,0.027,0.03,0.071,,,0.03,0.125,
04/16,0.119,0.129,0.055,0.04,0.136,0.043,0.024,,0.01,,0.077,0.141,0.141,0.122,0.023,0.097,0.025,0.027,0.028,0.043,0.029,0.02,0.088,,,0.038,0.144,
04/17,0.136,0.147,0.07,0.042,0.157,0.049,0.027,,0.01,,0.087,0.158,0.159,0.136,0.027,0.109,0.031,0.032,0.036,0.043,0.034,0.02,0.101,,,0.045,0.163,
04/18,0.148,0.161,0.08,0.045,0.172,0.066,0.029,,0.013,,0.094,0.172,0.173,0.149,0.033,0.12,0.031,0.039,0.046,0.053,0.04,0.05,0.115,,,0.053,0.177,
04/19,0.14,0.153,0.09,0.05,0.161,0.059,0.033,,0.018,,0.089,0.16,0.161,0.138,0.03,0.113,0.031,0.039,0.044,0.053,0.042,0.02,0.114,,,0.055,0.166,
04/20,0.142,0.152,0.083,0.043,0.159,0.059,0.03,0.01,0.013,,0.089,0.162,0.162,0.138,0.02,0.113,0.035,0.046,0.052,0.056,0.037,0.08,0.115,,,0.056,0.166,0.025
04/21,0.158,0.174,0.09,0.047,0.178,0.07,0.034,0.012,0.014,,0.101,0.182,0.182,0.156,0.033,0.128,0.038,0.051,0.062,0.062,0.044,0.09,0.134,,,0.066,0.186,0.03
04/22,0.152,0.167,0.077,0.046,0.174,0.072,0.033,0.013,0.013,,0.097,0.172,0.173,0.148,0.03,0.121,0.037,0.051,0.061,0.058,0.043,0.11,0.129,,,0.064,0.178,0.02
04/23,0.158,0.175,0.077,0.044,0.182,0.08,0.036,0.013,0.011,,0.099,0.182,0.182,0.155,0.03,0.127,0.038,0.048,0.061,0.052,0.045,0.12,0.134,,,0.066,0.185,0.03
04/24,0.157,0.173,0.085,0.048,0.178,0.085,0.037,0.018,0.014,,0.099,0.178,0.178,0.151,0.03,0.125,0.041,0.056,0.069,0.064,0.044,0.15,0.138,,,0.07,0.184,0.035
04/25,0.146,0.16,0.083,0.044,0.167,0.075,0.034,0.015,0.014,0.04,0.091,0.162,0.163,0.138,0.03,0.114,0.037,0.051,0.066,0.05,0.039,0.11,0.132,,,0.063,0.169,0.03
04/26,0.165,0.185,0.083,0.047,0.189,0.087,0.042,0.016,0.015,0.04,0.103,0.186,0.187,0.158,0.031,0.131,0.042,0.057,0.072,0.052,0.045,0.12,0.15,,,0.074,0.195,0.031
04/27,0.171,0.19,0.088,0.047,0.192,0.095,0.042,0.019,0.014,0.03,0.105,0.19,0.19,0.16,0.03,0.132,0.044,0.06,0.073,0.05,0.047,0.12,0.155,,,0.077,0.198,0.029
04/28,0.158,0.179,0.092,0.048,0.179,0.092,0.039,0.021,0.015,0.03,0.101,0.178,0.178,0.151,0.03,0.126,0.042,0.058,0.074,0.056,0.046,0.14,0.149,,,0.077,0.185,0.029
04/29,0.175,0.199,0.092,0.053,0.2,0.109,0.049,0.027,0.017,0.04,0.112,0.197,0.198,0.167,0.035,0.142,0.048,0.068,0.087,0.058,0.052,0.17,0.169,,,0.088,0.206,0.036
04/30,0.165,0.187,0.07,0.05,0.185,0.107,0.045,0.026,0.017,0.04,0.105,0.183,0.185,0.155,0.031,0.131,0.043,0.058,0.074,0.06,0.051,0.19,0.158,,,0.081,0.192,0.032
05/01,0.156,0.182,0.069,0.048,0.177,0.108,0.043,0.023,0.017,0.04,0.102,0.175,0.175,0.147,0.032,0.124,0.043,0.058,0.076,0.06,0.051,0.17,0.153,0.04,,0.082,0.183,0.031
05/02,0.171,0.198,0.077,0.051,0.193,0.12,0.054,0.027,0.019,0.03,0.112,0.19,0.191,0.159,0.038,0.135,0.051,0.068,0.089,0.068,0.056,0.16,0.17,0.03,,0.097,0.198,0.037
05/03,0.175,0.206,0.076,0.056,0.198,0.132,0.056,0.033,0.019,0.03,0.117,0.198,0.198,0.167,0.039,0.142,0.052,0.069,0.093,0.069,0.061,0.16,0.181,0.03,,0.103,0.206,0.04
05/04,0.179,0.21,0.075,0.056,0.204,0.137,0.061,0.037,0.022,0.03,0.122,0.201,0.202,0.169,0.042,0.142,0.052,0.076,0.099,0.073,0.064,0.12,0.186,0.03,,0.108,0.21,0.043
05/05,0.172,0.202,0.07,0.055,0.195,0.138,0.058,0.037,0.021,0.04,0.116,0.193,0.195,0.163,0.038,0.138,0.052,0.075,0.097,0.067,0.064,0.17,0.177,0.04,,0.105,0.202,0.04
05/06,0.165,0.194,0.076,0.054,0.188,0.142,0.063,0.039,0.022,0.05,0.114,0.185,0.187,0.156,0.039,0.132,0.054,0.077,0.103,0.069,0.061,0.19,0.171,0.03,,0.108,0.195,0.042
05/07,0.184,0.215,0.092,0.061,0.207,0.158,0.069,0.043,0.026,0.06,0.127,0.203,0.205,0.172,0.045,0.147,0.058,0.087,0.114,0.078,0.072,0.22,0.19,0.04,,0.12,0.215,0.045
05/08,0.178,0.208,0.094,0.058,0.2,0.161,0.067,0.043,0.027,0.05,0.127,0.198,0.2,0.166,0.046,0.142,0.059,0.088,0.117,0.079,0.071,0.23,0.185,0.04,,0.12,0.208,0.047
05/09,0.198,0.231,0.103,0.065,0.222,0.18,0.077,0.051,0.031,0.07,0.141,0.219,0.221,0.185,0.051,0.157,0.065,0.097,0.13,0.084,0.082,0.23,0.208,0.045,,0.137,0.231,0.052
05/10,0.195,0.228,0.095,0.067,0.219,0.186,0.079,0.053,0.029,0.07,0.142,0.217,0.218,0.182,0.052,0.156,0.062,0.092,0.126,0.08,0.083,0.095,0.208,0.05,,0.142,0.228,0.053
05/11,0.178,0.21,0.092,0.062,0.202,0.177,0.079,0.049,0.028,0.07,0.132,0.198,0.202,0.168,0.048,0.142,0.06,0.09,0.12,0.077,0.079,0.087,0.192,0.05,,0.135,0.21,0.052
05/12,0.199,0.234,0.107,0.074,0.225,0.205,0.092,0.059,0.035,0.083,0.151,0.222,0.225,0.188,0.057,0.16,0.069,0.102,0.14,0.093,0.091,0.1,0.215,0.06,,0.158,0.234,0.06
05/13,0.208,0.244,0.117,0.077,0.234,0.218,0.099,0.064,0.035,0.08,0.159,0.232,0.234,0.194,0.065,0.165,0.072,0.11,0.152,0.1,0.098,0.105,0.225,0.065,,0.17,0.244,0.066
05/14,0.183,0.215,0.112,0.072,0.207,0.2,0.091,0.059,0.035,0.08,0.146,0.205,0.207,0.172,0.063,0.146,0.065,0.102,0.14,0.098,0.094,0.103,0.201,0.06,,0.158,0.215,0.062
05/15,0.182,0.213,0.105,0.068,0.205,0.198,0.084,0.06,0.036,0.074,0.147,0.202,0.205,0.172,0.056,0.145,0.067,0.105,0.145,0.095,0.095,0.083,0.198,0.047,,0.159,0.213,0.062
05/16,0.182,0.215,0.115,0.072,0.205,0.204,0.088,0.062,0.038,0.072,0.15,0.202,0.205,0.172,0.061,0.147,0.07,0.108,0.149,0.097,0.098,0.085,0.2,0.048,,0.165,0.215,0.067
05/17,0.188,0.22,0.123,0.076,0.21,0.212,0.094,0.068,0.041,0.066,0.158,0.207,0.212,0.176,0.066,0.149,0.071,0.114,0.159,0.103,0.104,0.085,0.205,0.049,,0.175,0.22,0.072
05/18,0.18,0.212,0.127,0.073,0.201,0.206,0.093,0.068,0.041,0.066,0.152,0.2,0.202,0.168,0.067,0.144,0.068,0.113,0.157,0.101,0.102,0.082,0.198,0.05,,0.175,0.212,0.073
05/19,0.163,0.191,0.114,0.068,0.182,0.189,0.085,0.063,0.037,0.06,0.138,0.178,0.182,0.153,0.062,0.13,0.063,0.1,0.14,0.095,0.095,0.07,0.18,0.047,,0.163,0.191,0.067
05/20,0.175,0.206,0.125,0.074,0.196,0.205,0.095,0.072,0.042,0.066,0.152,0.191,0.198,0.165,0.068,0.14,0.069,0.112,0.154,0.092,0.105,0.064,0.195,0.052,,0.176,0.206,0.078
05/21,0.153,0.179,0.114,0.065,0.17,0.179,0.088,0.068,0.038,0.06,0.135,0.166,0.171,0.145,0.06,0.123,0.062,0.1,0.139,0.079,0.095,0.048,0.17,0.043,,0.158,0.179,0.071
05/22,0.182,0.212,0.144,0.082,0.2,0.212,0.102,0.079,0.047,0.07,0.164,0.195,0.202,0.168,0.075,0.145,0.073,0.122,0.171,0.099,0.115,0.077,0.201,0.061,,0.189,0.212,0.086
05/23,0.194,0.228,0.157,0.088,0.215,0.228,0.112,0.085,0.052,0.072,0.176,0.208,0.217,0.182,0.085,0.155,0.082,0.135,0.188,0.107,0.125,0.079,0.215,0.068,,0.208,0.228,0.098
05/24,0.194,0.228,0.165,0.089,0.215,0.228,0.118,0.093,0.053,0.076,0.181,0.208,0.218,0.182,0.09,0.155,0.081,0.134,0.188,0.109,0.129,0.073,0.218,0.07,,0.211,0.228,0.1
05/25,0.169,0.198,0.154,0.085,0.185,0.198,0.107,0.083,0.05,0.072,0.164,0.181,0.189,0.158,0.082,0.135,0.075,0.125,0.176,0.103,0.115,0.075,0.188,0.062,0.02,0.185,0.198,0.095
05/26,0.188,0.221,0.173,0.092,0.204,0.221,0.117,0.093,0.058,0.077,0.183,0.199,0.212,0.176,0.093,0.151,0.082,0.138,0.195,0.115,0.131,0.083,0.211,0.076,0.03,0.208,0.221,0.105
05/27,0.199,0.232,0.181,0.097,0.215,0.232,0.124,0.102,0.058,0.072,0.189,0.208,0.222,0.185,0.097,0.158,0.086,0.144,0.205,0.118,0.138,0.087,0.221,0.088,0.04,0.221,0.232,0.115
05/28,0.215,0.254,0.201,0.109,0.233,0.254,0.142,0.115,0.066,0.075,0.211,0.228,0.242,0.202,0.108,0.172,0.096,0.162,0.229,0.132,0.152,0.102,0.241,0.108,0.05,0.245,0.254,0.132
05/29,0.231,0.27,0.222,0.118,0.248,0.27,0.155,0.126,0.073,0.088,0.228,0.239,0.258,0.215,0.118,0.184,0.102,0.175,0.249,0.145,0.165,0.116,0.258,0.127,0.04,0.264,0.27,0.145
05/30,0.203,0.238,0.202,0.108,0.217,0.238,0.138,0.113,0.068,0.083,0.205,0.21,0.228,0.189,0.109,0.162,0.092,0.158,0.223,0.133,0.15,0.114,0.228,0.123,0.03,0.235,0.238,0.132
05/31,0.212,0.249,0.213,0.116,0.227,0.249,0.151,0.121,0.072,0.095,0.218,0.218,0.238,0.199,0.118,0.169,0.097,0.167,0.235,0.144,0.162,0.124,0.238,0.138,0.02,0.246,0.249,0.144
06/01,0.217,0.255,0.219,0.121,0.228,0.255,0.158,0.126,0.075,0.09,0.227,0.222,0.242,0.205,0.122,0.174,0.102,0.172,0.245,0.148,0.166,0.128,0.243,0.151,0.024,0.252,0.255,0.151
06/02,0.234,0.275,0.242,0.135,0.245,0.275,0.175,0.142,0.083,0.102,0.247,0.239,0.262,0.219,0.136,0.188,0.108,0.187,0.265,0.164,0.183,0.145,0.262,0.172,0.024,0.274,0.275,0.165
06/03,0.236,0.277,0.246,0.138,0.243,0.277,0.179,0.15,0.085,0.095,0.249,0.24,0.262,0.222,0.141,0.189,0.109,0.189,0.266,0.165,0.187,0.147,0.263,0.184,0.032,0.275,0.277,0.171
06/04,0.227,0.267,0.242,0.138,0.23,0.267,0.178,0.15,0.085,0.092,0.245,0.23,0.253,0.214,0.144,0.182,0.105,0.182,0.256,0.165,0.184,0.15,0.255,0.187,0.036,0.267,0.267,0.166
06/05,0.228,0.269,0.247,0.144,0.229,0.269,0.183,0.15,0.09,0.093,0.252,0.229,0.255,0.216,0.148,0.182,0.11,0.189,0.265,0.176,0.19,0.165,0.255,0.198,0.036,0.269,0.269,0.172
06/06,0.235,0.277,0.255,0.152,0.234,0.277,0.19,0.157,0.094,0.098,0.259,0.236,0.262,0.221,0.156,0.187,0.115,0.194,0.272,0.185,0.199,0.179,0.263,0.219,0.033,0.277,0.277,0.178
06/07,0.237,0.279,0.258,0.154,0.228,0.279,0.194,0.165,0.095,0.099,0.264,0.235,0.263,0.225,0.163,0.19,0.115,0.196,0.272,0.188,0.205,0.183,0.264,0.229,0.036,0.279,0.279,0.179
06/08,0.217,0.256,0.239,0.147,0.202,0.256,0.178,0.151,0.09,0.095,0.243,0.215,0.241,0.205,0.155,0.175,0.105,0.18,0.25,0.18,0.191,0.181,0.244,0.217,0.027,0.256,0.256,0.165
06/09,0.221,0.258,0.241,0.151,0.192,0.258,0.181,0.153,0.092,0.097,0.248,0.215,0.244,0.205,0.159,0.176,0.107,0.182,0.252,0.185,0.195,0.185,0.245,0.221,0.023,0.258,0.258,0.168
06/10,0.241,0.282,0.265,0.164,0.204,0.282,0.198,0.17,0.101,0.106,0.27,0.235,0.266,0.225,0.174,0.192,0.117,0.201,0.277,0.202,0.214,0.204,0.269,0.248,0.035,0.282,0.282,0.182
06/11,0.212,0.249,0.235,0.151,0.175,0.248,0.177,0.152,0.089,0.094,0.242,0.205,0.233,0.198,0.158,0.169,0.105,0.176,0.244,0.18,0.191,0.185,0.238,0.223,0.037,0.249,0.248,0.162
06/12,0.222,0.26,0.247,0.162,0.176,0.259,0.191,0.163,0.095,0.1,0.254,0.215,0.244,0.208,0.168,0.176,0.111,0.186,0.256,0.193,0.203,0.201,0.248,0.239,0.048,0.26,0.259,0.169
06/13,0.236,0.275,0.262,0.168,0.179,0.275,0.202,0.172,0.102,0.102,0.268,0.226,0.258,0.22,0.176,0.188,0.118,0.198,0.271,0.203,0.215,0.21,0.263,0.255,0.062,0.275,0.273,0.18
06/14,0.225,0.264,0.252,0.166,0.156,0.263,0.195,0.163,0.098,0.104,0.258,0.215,0.247,0.211,0.174,0.178,0.112,0.189,0.259,0.2,0.206,0.208,0.252,0.248,0.061,0.264,0.262,0.173
06/15,0.219,0.258,0.245,0.168,0.145,0.257,0.192,0.164,0.097,0.103,0.253,0.209,0.241,0.205,0.174,0.175,0.111,0.185,0.253,0.198,0.207,0.212,0.245,0.245,0.066,0.257,0.255,0.167
06/16,0.221,0.258,0.247,0.172,0.138,0.257,0.193,0.166,0.098,0.107,0.255,0.208,0.242,0.207,0.177,0.175,0.112,0.187,0.254,0.202,0.211,0.217,0.246,0.246,0.073,0.257,0.254,0.168
06/17,0.218,0.258,0.247,0.173,0.128,0.257,0.196,0.166,0.098,0.106,0.255,0.206,0.24,0.205,0.178,0.175,0.111,0.188,0.254,0.203,0.212,0.222,0.245,0.249,0.085,0.257,0.254,0.168
06/18,0.215,0.253,0.243,0.176,0.12,0.252,0.197,0.168,0.1,0.108,0.252,0.202,0.235,0.202,0.179,0.173,0.112,0.187,0.252,0.203,0.212,0.226,0.242,0.247,0.095,0.251,0.249,0.165
06/19,0.235,0.275,0.262,0.194,0.12,0.274,0.217,0.187,0.109,0.121,0.273,0.218,0.255,0.218,0.199,0.188,0.12,0.202,0.272,0.223,0.229,0.247,0.262,0.271,0.115,0.268,0.267,0.178
06/20,0.24,0.281,0.268,0.208,0.115,0.28,0.222,0.188,0.111,0.126,0.279,0.225,0.262,0.225,0.209,0.19,0.124,0.207,0.278,0.235,0.239,0.262,0.267,0.278,0.128,0.274,0.268,0.184
06/21,0.239,0.28,0.268,0.208,0.109,0.279,0.22,0.187,0.112,0.125,0.279,0.225,0.259,0.225,0.209,0.191,0.124,0.207,0.278,0.236,0.241,0.262,0.266,0.278,0.138,0.273,0.266,0.184
06/22,0.242,0.285,0.273,0.217,0.107,0.285,0.231,0.204,0.113,0.128,0.285,0.228,0.265,0.228,0.22,0.193,0.128,0.213,0.284,0.241,0.246,0.268,0.27,0.284,0.154,0.277,0.268,0.185
06/23,0.248,0.29,0.278,0.225,0.105,0.288,0.237,0.208,0.114,0.131,0.29,0.232,0.268,0.232,0.225,0.198,0.131,0.218,0.289,0.245,0.252,0.275,0.275,0.289,0.174,0.281,0.27,0.19
06/24,0.231,0.27,0.26,0.213,0.095,0.268,0.219,0.192,0.108,0.125,0.27,0.216,0.25,0.216,0.212,0.183,0.123,0.202,0.27,0.234,0.238,0.259,0.257,0.269,0.171,0.261,0.249,0.175
06/25,0.232,0.271,0.26,0.215,0.092,0.269,0.223,0.194,0.109,0.125,0.271,0.215,0.252,0.215,0.215,0.183,0.124,0.204,0.271,0.235,0.238,0.263,0.255,0.271,0.189,0.262,0.243,0.175
06/26,0.254,0.298,0.286,0.242,0.098,0.295,0.245,0.212,0.118,0.143,0.298,0.238,0.275,0.238,0.238,0.203,0.137,0.225,0.298,0.258,0.267,0.291,0.282,0.298,0.211,0.285,0.263,0.194
06/27,0.278,0.329,0.315,0.276,0.104,0.326,0.271,0.236,0.132,0.168,0.329,0.264,0.303,0.264,0.268,0.224,0.151,0.251,0.329,0.292,0.295,0.323,0.309,0.329,0.241,0.313,0.284,0.215
06/28,0.275,0.322,0.309,0.275,0.1,0.318,0.266,0.231,0.13,0.168,0.322,0.257,0.295,0.257,0.265,0.218,0.148,0.245,0.322,0.285,0.29,0.317,0.302,0.322,0.249,0.304,0.273,0.208
06/29,0.282,0.332,0.319,0.288,0.101,0.328,0.275,0.237,0.133,0.177,0.332,0.266,0.306,0.266,0.277,0.225,0.155,0.253,0.332,0.297,0.302,0.326,0.308,0.332,0.255,0.312,0.27,0.215
06/30,0.281,0.33,0.318,0.292,0.098,0.325,0.275,0.238,0.132,0.179,0.33,0.265,0.304,0.265,0.276,0.225,0.153,0.252,0.33,0.297,0.301,0.327,0.308,0.33,0.268,0.31,0.26,0.215
07/01,0.29,0.342,0.332,0.31,0.1,0.336,0.285,0.243,0.137,0.197,0.342,0.275,0.315,0.275,0.29,0.233,0.159,0.263,0.342,0.309,0.315,0.339,0.318,0.342,0.275,0.321,0.262,0.223
07/02,0.286,0.336,0.327,0.308,0.095,0.329,0.278,0.234,0.134,0.199,0.336,0.269,0.308,0.269,0.288,0.228,0.158,0.26,0.336,0.306,0.31,0.334,0.31,0.336,0.264,0.314,0.247,0.218
07/03,0.288,0.339,0.331,0.313,0.095,0.332,0.282,0.235,0.134,0.208,0.339,0.273,0.312,0.273,0.291,0.23,0.16,0.262,0.339,0.309,0.315,0.337,0.312,0.339,0.274,0.314,0.242,0.222
07/04,0.288,0.338,0.331,0.315,0.095,0.332,0.283,0.238,0.134,0.208,0.338,0.271,0.31,0.271,0.292,0.23,0.162,0.262,0.338,0.31,0.314,0.336,0.312,0.338,0.295,0.312,0.235,0.22
07/05,0.292,0.344,0.337,0.322,0.086,0.336,0.288,0.238,0.135,0.215,0.344,0.275,0.315,0.275,0.298,0.234,0.164,0.266,0.344,0.316,0.32,0.342,0.313,0.344,0.306,0.316,0.23,0.224
07/06,0.289,0.339,0.332,0.322,0.091,0.328,0.285,0.233,0.131,0.222,0.339,0.272,0.309,0.272,0.298,0.229,0.162,0.263,0.339,0.311,0.318,0.338,0.308,0.339,0.299,0.31,0.219,0.22
07/07,0.278,0.326,0.319,0.312,0.087,0.315,0.275,0.221,0.127,0.219,0.326,0.26,0.298,0.26,0.287,0.221,0.157,0.255,0.326,0.301,0.306,0.325,0.297,0.326,0.286,0.296,0.201,0.212
07/08,0.277,0.326,0.319,0.313,0.085,0.316,0.275,0.22,0.125,0.224,0.326,0.262,0.297,0.262,0.292,0.222,0.157,0.255,0.326,0.301,0.305,0.325,0.294,0.326,0.297,0.295,0.194,0.212
07/09,0.282,0.332,0.325,0.325,0.087,0.321,0.279,0.223,0.126,0.235,0.332,0.266,0.302,0.266,0.298,0.226,0.161,0.26,0.332,0.307,0.313,0.332,0.298,0.332,0.312,0.302,0.185,0.215
07/10,0.272,0.318,0.312,0.311,0.047,0.306,0.269,0.211,0.12,0.229,0.318,0.255,0.289,0.255,0.288,0.215,0.157,0.249,0.318,0.295,0.302,0.318,0.282,0.318,0.306,0.288,0.159,0.208
07/11,0.279,0.328,0.322,0.322,0.088,0.316,0.277,0.217,0.124,0.239,0.328,0.263,0.297,0.263,0.299,0.222,0.162,0.259,0.328,0.304,0.31,0.328,0.289,0.328,0.338,0.295,0.182,0.214
07/12,0.283,0.333,0.327,0.328,0.095,0.32,0.281,0.22,0.124,0.248,0.333,0.268,0.302,0.268,0.305,0.226,0.164,0.265,0.333,0.31,0.315,0.333,0.291,0.333,0.359,0.298,0.18,0.217
07/13,0.281,0.329,0.325,0.325,0.09,0.315,0.279,0.217,0.12,0.247,0.329,0.263,0.298,0.263,0.305,0.222,0.163,0.262,0.329,0.306,0.312,0.329,0.285,0.329,0.352,0.293,0.163,0.215
07/14,0.298,0.349,0.345,0.346,0.093,0.335,0.297,0.234,0.125,0.267,0.349,0.28,0.315,0.28,0.323,0.236,0.175,0.278,0.349,0.325,0.331,0.349,0.302,0.349,0.378,0.311,0.16,0.228
07/15,0.304,0.357,0.353,0.355,0.0,0.342,0.303,0.236,0.127,0.278,0.357,0.285,0.322,0.285,0.332,0.242,0.178,0.285,0.357,0.332,0.338,0.357,0.303,0.357,0.386,0.316,0.145,0.233
07/16,0.288,0.338,0.336,0.336,,0.325,0.288,0.227,0.119,0.266,0.338,0.271,0.305,0.271,0.315,0.232,0.17,0.271,0.338,0.315,0.322,0.338,0.286,0.338,0.379,0.297,0.151,0.219
07/17,0.284,0.333,0.332,0.332,,0.318,0.283,0.217,0.115,0.268,0.332,0.268,0.3,0.268,0.312,0.228,0.168,0.268,0.333,0.31,0.316,0.333,0.279,0.333,0.367,0.292,0.135,0.217
07/18,0.268,0.316,0.315,0.315,,0.302,0.268,0.204,0.108,0.259,0.313,0.253,0.285,0.253,0.297,0.215,0.16,0.256,0.316,0.294,0.3,0.316,0.265,0.316,0.353,0.276,0.124,0.206
07/19,0.295,0.346,0.345,0.346,,0.33,0.295,0.223,0.116,0.288,0.341,0.276,0.31,0.276,0.325,0.235,0.178,0.282,0.346,0.32,0.329,0.346,0.285,0.346,0.389,0.302,0.127,0.225
07/20,0.302,0.355,0.353,0.355,,0.338,0.302,0.228,0.116,0.299,0.348,0.284,0.318,0.284,0.337,0.242,0.183,0.288,0.355,0.328,0.338,0.355,0.291,0.355,0.394,0.307,0.031,0.231
07/21,0.292,0.345,0.343,0.345,,0.328,0.292,0.218,0.112,0.294,0.339,0.277,0.308,0.277,0.325,0.235,0.178,0.279,0.345,0.318,0.327,0.345,0.278,0.345,0.4,0.296,0.145,0.225
07/22,0.282,0.332,0.33,0.332,,0.312,0.282,0.205,0.108,0.287,0.324,0.265,0.297,0.265,0.313,0.225,0.172,0.271,0.332,0.306,0.315,0.332,0.266,0.332,0.379,0.285,0.125,0.215
07/23,0.285,0.334,0.334,0.334,,0.315,0.285,0.209,0.107,0.292,0.324,0.267,0.298,0.267,0.316,0.225,0.173,0.272,0.334,0.308,0.316,0.334,0.264,0.334,0.4,0.284,0.13,0.216
07/24,0.284,0.335,0.335,0.335,,0.318,0.284,0.205,0.104,0.3,0.321,0.268,0.299,0.268,0.316,0.228,0.173,0.274,0.335,0.31,0.317,0.335,0.258,0.335,0.378,0.283,0.09,0.218
07/25,0.297,0.349,0.349,0.349,,0.33,0.297,0.209,0.105,0.315,0.334,0.28,0.312,0.28,0.332,0.237,0.183,0.288,0.349,0.321,0.332,0.349,0.268,0.349,0.407,0.245,0.0,0.226
07/26,0.305,0.358,0.358,0.358,,0.338,0.305,0.213,0.106,0.325,0.34,0.286,0.32,0.286,0.34,0.242,0.188,0.295,0.358,0.328,0.34,0.358,0.271,0.358,0.416,0.297,,0.233
07/27,0.286,0.335,0.335,0.335,,0.316,0.286,0.197,0.095,0.309,0.308,0.269,0.298,0.269,0.317,0.228,0.177,0.275,0.335,0.308,0.318,0.335,0.252,0.335,0.366,0.272,,0.218
07/28,0.292,0.342,0.342,0.342,,0.322,0.292,0.198,0.092,0.318,0.306,0.273,0.305,0.273,0.324,0.232,0.18,0.282,0.342,0.312,0.325,0.342,0.254,0.342,0.372,0.281,,0.222
07/29,0.313,0.368,0.368,0.368,,0.345,0.313,0.212,0.096,0.345,0.325,0.294,0.327,0.294,0.348,0.25,0.196,0.307,0.368,0.335,0.348,0.368,0.267,0.368,0.435,0.294,,0.238
07/30,0.311,0.365,0.365,0.365,,0.343,0.311,0.206,0.093,0.346,0.315,0.292,0.325,0.292,0.347,0.248,0.194,0.305,0.365,0.332,0.347,0.365,0.262,0.365,0.42,0.289,,0.237
07/31,0.289,0.339,0.339,0.339,,0.318,0.289,0.185,0.082,0.323,0.285,0.271,0.301,0.271,0.32,0.231,0.182,0.282,0.339,0.306,0.32,0.339,0.242,0.338,0.378,0.274,,0.219
08/01,0.298,0.351,0.351,0.351,,0.305,0.298,0.183,0.082,0.338,0.286,0.282,0.31,0.282,0.331,0.238,0.19,0.294,0.351,0.315,0.33,0.351,0.245,0.346,0.39,0.08,,0.228
08/02,0.291,0.342,0.342,0.342,,0.322,0.291,0.176,0.076,0.332,0.274,0.275,0.303,0.275,0.324,0.235,0.184,0.287,0.342,0.307,0.324,0.342,0.235,0.332,0.375,0.273,,0.223
08/03,0.281,0.33,0.33,0.33,,0.309,0.281,0.167,0.07,0.323,0.257,0.263,0.292,0.263,0.313,0.224,0.179,0.278,0.33,0.296,0.312,0.33,0.221,0.318,0.383,0.26,,0.214
08/04,0.282,0.332,0.332,0.331,,0.311,0.282,0.162,0.068,0.326,0.247,0.265,0.294,0.265,0.314,0.225,0.182,0.281,0.332,0.294,0.312,0.331,0.218,0.312,0.345,0.273,,0.215
08/05,0.284,0.333,0.333,0.332,,0.311,0.284,0.157,0.065,0.328,0.211,0.266,0.292,0.266,0.315,0.226,0.183,0.283,0.333,0.294,0.312,0.33,0.217,0.303,0.34,0.113,,0.217
08/06,0.271,0.319,0.319,0.318,,0.295,0.271,0.14,0.059,0.315,0.234,0.255,0.28,0.255,0.301,0.216,0.175,0.271,0.319,0.28,0.298,0.313,0.203,0.277,0.316,0.35,,0.208
08/07,0.292,0.343,0.343,0.34,,0.32,0.292,0.145,0.061,0.339,0.247,0.274,0.302,0.274,0.324,0.232,0.189,0.292,0.343,0.298,0.321,0.335,0.215,0.285,0.35,0.35,,0.223
08/08,0.281,0.331,0.331,0.328,,0.308,0.281,0.132,0.053,0.328,0.229,0.265,0.291,0.265,0.31,0.225,0.183,0.281,0.331,0.285,0.305,0.321,0.203,0.263,0.331,0.32,,0.215
08/09,0.251,0.295,0.295,0.292,,0.272,0.251,0.11,0.048,0.293,0.204,0.235,0.258,0.235,0.278,0.2,0.162,0.252,0.295,0.255,0.272,0.283,0.178,0.223,0.295,0.31,,0.19
08/10,0.278,0.327,0.327,0.323,,0.302,0.278,0.113,0.045,0.325,0.18,0.261,0.286,0.261,0.309,0.222,0.184,0.28,0.327,0.28,0.3,0.312,0.19,0.235,0.329,0.34,,0.213
08/11,0.273,0.32,0.32,0.315,,0.297,0.273,0.104,0.043,0.318,0.207,0.256,0.28,0.256,0.301,0.216,0.181,0.274,0.32,0.27,0.291,0.302,0.184,0.222,0.299,0.33,,0.206
08/12,0.271,0.318,0.318,0.311,,0.294,0.271,0.095,0.038,0.316,0.192,0.255,0.279,0.255,0.299,0.218,0.179,0.275,0.318,0.267,0.285,0.301,0.176,0.21,0.279,0.32,,0.207
08/13,0.261,0.306,0.306,0.299,,0.28,0.261,0.087,0.034,0.303,0.181,0.245,0.268,0.245,0.286,0.207,0.173,0.264,0.306,0.255,0.273,0.285,0.171,0.195,0.251,0.34,,0.199
08/14,0.262,0.306,0.306,0.298,,0.283,0.262,0.077,0.031,0.303,0.18,0.245,0.266,0.245,0.287,0.208,0.174,0.265,0.306,0.255,0.272,0.282,0.165,0.178,0.249,0.32,,0.2
08/15,0.279,0.328,0.328,0.318,,0.306,0.279,0.077,0.029,0.325,0.092,0.262,0.285,0.262,0.308,0.223,0.188,0.284,0.328,0.272,0.29,0.299,0.17,0.172,0.273,0.3,,0.213
08/16,0.279,0.329,0.329,0.318,,0.307,0.279,0.068,0.029,0.325,0.198,0.264,0.287,0.264,0.308,0.224,0.187,0.287,0.329,0.271,0.286,0.298,0.165,0.175,0.265,0.27,,0.215
08/17,0.255,0.297,0.295,0.286,,0.269,0.255,0.049,0.022,0.292,0.145,0.238,0.257,0.238,0.275,0.202,0.168,0.26,0.297,0.24,0.254,0.262,0.143,0.152,0.2,0.31,,0.193
08/18,0.265,0.311,0.309,0.298,,0.293,0.265,0.048,0.019,0.305,0.17,0.25,0.269,0.25,0.285,0.211,0.178,0.272,0.311,0.251,0.261,0.27,0.144,0.148,0.214,0.22,,0.202
08/19,0.273,0.32,0.316,0.305,,0.298,0.273,0.041,0.017,0.313,0.15,0.256,0.277,0.256,0.292,0.216,0.185,0.28,0.32,0.255,0.262,0.27,0.143,0.15,0.184,0.28,,0.209
08/20,0.256,0.3,0.296,0.283,,0.273,0.234,0.033,0.015,0.292,0.0,0.24,0.259,0.24,0.273,0.203,0.174,0.263,0.3,0.238,0.21,0.239,0.132,0.068,0.149,0.3,,0.195
08/21,0.247,0.289,0.285,0.271,,0.265,0.246,0.028,0.015,0.282,,0.232,0.25,0.232,0.258,0.197,0.168,0.255,0.289,0.228,0.238,0.266,0.121,0.223,0.185,0.28,,0.187
08/22,0.234,0.275,0.269,0.255,,0.252,0.233,0.023,0.014,0.267,,0.219,0.238,0.219,0.245,0.187,0.16,0.243,0.275,0.213,0.228,0.263,0.111,0.187,0.18,0.25,,0.179
08/23,0.216,0.254,0.248,0.236,,0.23,0.213,0.017,0.011,0.247,,0.204,0.218,0.204,0.225,0.174,0.147,0.225,0.254,0.196,0.205,0.234,0.1,0.177,0.16,0.26,,0.165
08/24,0.225,0.265,0.257,0.244,,0.243,0.225,0.012,0.008,0.256,,0.213,0.228,0.213,0.232,0.179,0.155,0.236,0.265,0.202,0.211,0.242,0.098,0.183,0.16,0.24,,0.173
08/25,0.23,0.269,0.259,0.248,,0.247,0.228,0.01,0.006,0.26,,0.215,0.232,0.215,0.233,0.182,0.158,0.241,0.269,0.192,0.118,0.275,0.098,0.187,0.178,0.26,,0.175
08/26,0.235,0.275,0.262,0.253,,0.252,0.233,0.008,0.008,0.264,,0.219,0.238,0.219,0.235,0.187,0.164,0.245,0.275,0.209,0.203,0.27,0.095,0.193,0.22,0.27,,0.179
08/27,0.251,0.295,0.276,0.268,,0.273,0.254,0.008,0.008,0.282,,0.235,0.255,0.236,0.249,0.198,0.175,0.265,0.295,0.228,0.238,0.276,0.094,0.203,0.223,0.22,,0.192
08/28,0.23,0.272,0.255,0.246,,0.248,0.23,0.007,0.007,0.257,,0.218,0.233,0.218,0.228,0.182,0.163,0.243,0.272,0.207,0.227,0.256,0.082,0.153,0.223,0.24,,0.178
08/29,0.251,0.295,0.267,0.264,,0.275,0.256,0.003,0.003,0.278,,0.237,0.252,0.237,0.243,0.199,0.177,0.264,0.295,0.224,0.213,0.271,0.085,0.173,0.258,0.19,,0.192
08/30,0.21,0.247,0.222,0.222,,0.227,0.211,0.002,0.002,0.231,,0.195,0.211,0.197,0.202,0.165,0.149,0.224,0.247,0.184,0.178,0.231,0.066,0.083,0.198,0.21,,0.161
08/31,0.213,0.249,0.221,0.22,,0.223,0.209,0.002,0.002,0.232,,0.197,0.214,0.198,0.202,0.166,0.152,0.225,0.249,0.177,0.178,0.221,0.062,0.14,0.243,0.26,,0.163
09/01,0.215,0.252,0.219,0.221,,0.229,0.214,0.002,0.002,0.232,,0.198,0.215,0.201,0.147,0.168,0.152,0.229,0.252,0.182,0.02,0.208,0.057,0.155,0.263,0.23,,0.163
09/02,0.228,0.269,0.23,0.235,,0.245,0.228,0.002,0.002,0.247,,0.211,0.229,0.216,0.224,0.178,0.165,0.245,0.269,0.191,0.14,0.212,0.065,0.16,0.27,0.23,,0.176
09/03,0.216,0.255,0.213,0.222,,0.232,0.215,0.0,0.0,0.234,,0.198,0.216,0.205,0.214,0.169,0.155,0.232,0.255,0.176,0.16,0.211,0.059,0.125,0.243,0.23,,0.166
09/04,0.22,0.258,0.212,0.223,,0.236,0.221,0.0,0.0,0.235,,0.2,0.22,0.206,0.22,0.169,0.158,0.236,0.258,0.176,0.16,0.203,0.054,0.11,0.29,0.22,,0.168
09/05,0.206,0.245,0.194,0.21,,0.223,0.206,0.0,0.0,0.223,,0.188,0.206,0.196,0.096,0.16,0.152,0.225,0.245,0.143,0.14,0.195,0.03,0.12,0.23,0.22,,0.158
09/06,0.195,0.231,0.178,0.197,,0.206,0.193,0.0,0.0,0.208,,0.179,0.195,0.184,0.203,0.152,0.142,0.212,0.231,0.153,0.13,0.172,0.075,0.125,0.18,0.22,,0.151
09/07,0.228,0.266,0.203,0.225,,0.24,0.227,0.0,0.0,0.238,,0.205,0.227,0.212,0.235,0.175,0.166,0.245,0.266,0.181,0.16,0.194,0.085,0.105,0.23,0.24,,0.173
09/08,0.21,0.246,0.182,0.206,,0.222,0.21,0.0,0.0,0.218,,0.188,0.208,0.196,0.198,0.159,0.154,0.228,0.246,0.153,0.22,0.169,0.068,0.125,0.177,0.21,,0.16
09/09,0.209,0.245,0.178,0.205,,0.217,0.205,0.0,0.0,0.216,,0.188,0.207,0.197,0.205,0.158,0.152,0.226,0.245,0.149,0.16,0.171,0.07,0.1,0.18,0.26,,0.159
09/10,0.199,0.234,0.165,0.195,,0.209,0.198,0.0,0.0,0.193,,0.178,0.197,0.188,0.198,0.151,0.146,0.217,0.234,0.112,0.0,0.149,0.053,0.1,0.17,0.22,,0.153
09/11,0.185,0.218,0.15,0.181,,0.196,0.186,,,0.191,,0.165,0.184,0.176,0.143,0.139,0.136,0.201,0.218,0.124,,0.138,0.05,0.09,0.13,0.18,,0.142
09/12,0.198,0.234,0.158,0.192,,0.21,0.197,,,0.204,,0.176,0.197,0.188,0.172,0.15,0.148,0.218,0.234,0.136,,0.145,0.057,0.1,0.15,0.21,,0.152
09/13,0.18,0.213,0.139,0.175,,0.192,0.179,,,0.183,,0.16,0.178,0.172,0.15,0.136,0.135,0.2,0.213,0.114,,0.125,0.05,0.095,0.123,0.19,,0.138
09/14,0.182,0.215,0.138,0.175,,0.194,0.184,,,0.182,,0.161,0.18,0.172,0.155,0.136,0.136,0.202,0.215,0.121,,0.116,0.037,0.07,0.117,0.15,,0.139
09/15,0.174,0.205,0.13,0.165,,0.185,0.176,,,0.154,,0.152,0.172,0.165,0.07,0.128,0.132,0.192,0.205,0.045,,0.1,0.023,0.0,0.107,0.15,,0.114
09/16,0.175,0.205,0.125,0.163,,0.181,0.173,,,0.17,,0.152,0.172,0.164,0.125,0.127,0.132,0.192,0.205,0.113,,0.106,0.09,,0.103,0.19,,0.133
09/17,0.175,0.208,0.125,0.163,,0.182,0.173,,,0.18,,0.152,0.175,0.165,0.125,0.13,0.135,0.195,0.208,0.117,,0.117,0.09,,0.113,0.2,,0.135
09/18,0.141,0.165,0.095,0.132,,0.146,0.139,,,0.137,,0.121,0.138,0.133,0.08,0.103,0.105,0.156,0.165,0.077,,0.082,0.07,,0.07,0.16,,0.114
09/19,0.152,0.178,0.1,0.138,,0.154,0.147,,,0.147,,0.128,0.15,0.142,0.105,0.111,0.114,0.167,0.178,0.083,,0.081,0.07,,0.073,0.19,,0.118
09/20,0.16,0.188,0.086,0.145,,0.162,0.141,,,0.135,,0.135,0.158,0.152,0.12,0.114,0.123,0.178,0.188,0.0,,0.08,0.08,,0.057,0.21,,0.044
09/21,0.145,0.169,0.092,0.129,,0.142,0.135,,,0.135,,0.123,0.14,0.137,0.125,0.102,0.109,0.161,0.169,,,0.069,0.07,,0.08,0.21,,0.105
09/22,0.154,0.181,0.097,0.136,,0.154,0.145,,,0.145,,0.13,0.15,0.145,0.09,0.108,0.12,0.172,0.181,,,0.069,0.07,,0.075,0.21,,0.107
09/23,0.161,0.19,0.1,0.144,,0.166,0.16,,,0.159,,0.135,0.158,0.152,0.185,0.115,0.125,0.179,0.19,,,0.06,0.04,,0.125,0.15,,0.133
09/24,0.139,0.164,0.086,0.123,,0.141,0.131,,,0.148,,0.117,0.136,0.131,0.155,0.096,0.108,0.155,0.164,,,0.053,0.04,,0.08,0.15,,0.108
09/25,0.156,0.183,0.075,0.115,,0.157,0.101,,,0.097,,0.128,0.152,0.146,0.0,0.108,0.121,0.175,0.183,,,0.04,0.04,,0.075,0.18,,0.035
09/26,0.169,0.198,0.099,0.151,,0.172,0.158,,,0.154,,0.138,0.165,0.158,,0.114,0.132,0.191,0.198,,,0.074,0.04,,0.06,0.16,,0.13
09/27,0.145,0.171,0.078,0.129,,0.149,0.135,,,0.146,,0.118,0.142,0.136,,0.095,0.114,0.165,0.171,,,0.056,0.02,,0.06,0.11,,0.09
09/28,0.135,0.159,0.071,0.116,,0.138,0.128,,,0.126,,0.11,0.133,0.127,,0.087,0.105,0.155,0.159,,,0.048,0.02,,0.06,0.12,,0.1
09/29,0.131,0.155,0.066,0.107,,0.131,0.116,,,0.116,,0.108,0.128,0.125,,0.084,0.104,0.153,0.155,,,0.038,0.02,,0.05,0.14,,0.11
09/30,0.132,0.157,0.026,0.091,,0.121,0.03,,,0.0,,0.106,0.129,0.126,,0.082,0.104,0.155,0.157,,,0.014,0.0,,0.04,0.0,,0.0
10/01,0.124,0.145,0.07,0.098,,0.067,0.12,,,,,0.098,0.118,0.116,,0.075,0.098,0.144,0.145,,,0.07,,,0.035,,,
10/02,0.135,0.158,0.057,0.109,,0.138,0.12,,,,,0.107,0.129,0.127,,0.078,0.108,0.156,0.158,,,0.1,,,0.03,,,
10/03,0.115,0.136,0.06,0.098,,0.118,0.135,,,,,0.09,0.112,0.108,,0.065,0.092,0.136,0.136,,,0.06,,,0.03,,,
10/04,0.129,0.15,0.07,0.101,,0.127,0.14,,,,,0.1,0.121,0.12,,0.071,0.103,0.149,0.15,,,0.05,,,0.03,,,
10/05,0.127,0.15,0.017,0.0,,0.0,0.0,,,,,0.101,0.124,0.11,,0.063,0.103,0.149,0.15,,,0.05,,,0.025,,,
10/06,0.127,0.151,0.05,,,,,,,,,0.101,0.123,0.119,,0.068,0.104,0.15,0.151,,,0.05,,,0.03,,,
10/07,0.121,0.142,0.08,,,,,,,,,0.095,0.115,0.113,,0.062,0.097,0.141,0.142,,,0.04,,,0.02,,,
10/08,0.117,0.138,0.09,,,,,,,,,0.09,0.111,0.11,,0.058,0.095,0.137,0.138,,,0.04,,,0.015,,,
10/09,0.123,0.144,0.13,,,,,,,,,0.092,0.116,0.115,,0.059,0.099,0.143,0.144,,,0.03,,,0.015,,,
10/10,0.0,0.0,,,,,,,,,,0.0,0.0,0.0,,0.0,0.013,0.018,0.02,,,0.0,,,,,,
10/11,,,,,,,,,,,,,,,,,0.13,0.2,0.21,,,,,,,,,
10/12,,,,,,,,,,,,,,,,,0.08,0.11,0.12,,,,,,,,,
10/13,,,,,,,,,,,,,,,,,0.06,0.08,0.09,,,,,,,,,
10/14,,,,,,,,,,,,,,,,,0.06,0.09,0.1,,,,,,,,,
10/15,,,,,,,,,,,,,,,,,0.05,0.08,0.08,,,,,,,,,
10/16,,,,,,,,,,,,,,,,,0.03,0.05,0.05,,,,,,,,,
10/17,,,,,,,,,,,,,,,,,0.06,0.09,0.1,,,,,,,,,
10/18,,,,,,,,,,,,,,,,,0.07,0.1,0.1,,,,,,,,,
10/19,,,,,,,,,,,,,,,,,0.07,0.1,0.11,,,,,,,,,
10/20,,,,,,,,,,,,,,,,,0.05,0.07,0.07,,,,,,,,,
10/21,,,,,,,,,,,,,,,,,0.06,0.09,0.09,,,,,,,,,
10/22,,,,,,,,,,,,,,,,,0.08,0.12,0.12,,,,,,,,,
10/23,,,,,,,,,,,,,,,,,0.06,0.09,0.09,,,,,,,,,
10/24,,,,,,,,,,,,,,,,,0.08,0.12,0.12,,,,,,,,,
10/25,,,,,,,,,,,,,,,,,0.06,0.09,0.09,,,,,,,,,
10/26,,,,,,,,,,,,,,,,,0.07,0.1,0.1,,,,,,,,,
10/27,,,,,,,,,,,,,,,,,0.05,0.08,0.08,,,,,,,,,
10/28,,,,,,,,,,,,,,,,,0.09,0.13,0.13,,,,,,,,,
10/29,,,,,,,,,,,,,,,,,0.04,0.06,0.06,,,,,,,,,
10/30,,,,,,,,,,,,,,,,,0.05,0.08,0.08,,,,,,,,,
10/31,,,,,,,,,,,,,,,,,0.07,0.11,0.11,,,,,,,,,
11/01,,,,,,,,,,,,,,,,,0.05,0.08,0.08,,,,,,,,,
11/02,,,,,,,,,,,,,,,,,0.11,0.16,0.16,,,,,,,,,
11/03,,,,,,,,,,,,,,,,,0.03,0.04,0.04,,,,,,,,,
11/04,,,,,,,,,,,,,,,,,0.04,0.06,0.06,,,,,,,,,
11/05,,,,,,,,,,,,,,,,,0.03,0.05,0.05,,,,,,,,,
11/06,,,,,,,,,,,,,,,,,0.01,0.01,0.01,,,,,,,,,
11/07,,,,,,,,,,,,,,,,,0.03,0.04,0.04,,,,,,,,,
11/08,,,,,,,,,,,,,,,,,0.03,0.05,0.05,,,,,,,,,
11/09,,,,,,,,,,,,,,,,,0.03,0.04,0.04,,,,,,,,,
11/10,,,,,,,,,,,,,,,,,0.0,0.0,0.0,,,,,,,,,
